<categ-list>

  <categ name="root"/>

  <categ name="mental-state" isa="root"/>
  <categ name="physical-state" isa="root"/>
  <categ name="behaviour" isa="root"/>
  <categ name="situation" isa="root"/>
  <categ name="signal" isa="root"/>
  <categ name="trait" isa="root"/>
  <categ name="sensation" isa="root"/>

  <categ name="cognitive-state" isa="mental-state"/>
  <categ name="affective-state" isa="mental-state"/>
  <categ name="cognitive-affective-state" isa="mental-state"/>

  <categ name="mood" isa="affective-state"/>
  <categ name="emotion" isa="affective-state"/>

  <categ name="emotion-eliciting-situation" isa="situation"/>

  <categ name="edonic-signal" isa="signal"/>

  <categ name="positive-emotion" isa="emotion"/>
  <categ name="negative-emotion" isa="emotion"/>
  <categ name="neutral-emotion" isa="emotion"/>
  <categ name="ambiguous-emotion" isa="emotion"/>

  <categ name="joy" isa="positive-emotion"/>
  <categ name="love" isa="positive-emotion"/>
  <categ name="affection" isa="positive-emotion"/>
  <categ name="liking" isa="positive-emotion"/>
  <categ name="enthusiasm" isa="positive-emotion"/>
  <categ name="gratitude" isa="positive-emotion"/>
  <categ name="self-pride" isa="positive-emotion"/>
  <categ name="levity" isa="positive-emotion"/>
  <categ name="calmness" isa="positive-emotion"/>
  <categ name="fearlessness" isa="positive-emotion"/>
  <categ name="positive-expectation" isa="positive-emotion"/>
  <categ name="positive-fear" isa="positive-emotion"/>
  <categ name="positive-hope" isa="positive-emotion"/>

  <categ name="amusement" isa="joy"/>
  <categ name="elation" isa="joy"/>
  <categ name="exultation" isa="joy"/>
  <categ name="exhilaration" isa="joy"/>
  <categ name="exuberance" isa="joy"/>
  <categ name="happiness" isa="joy"/>
  <categ name="bonheur" isa="joy"/>
  <categ name="gladness" isa="joy"/>
  <categ name="merriment" isa="joy"/>
  <categ name="rejoicing" isa="joy"/>
  <categ name="belonging" isa="joy"/>
  <categ name="cheerfulness" isa="joy"/>
  <categ name="contentment" isa="joy"/>

  <categ name="euphoria" isa="elation"/>

  <categ name="triumph" isa="exultation"/>

  <categ name="bang" isa="exhilaration"/>
  <categ name="titillation" isa="exhilaration"/>

  <categ name="hilarity" isa="merriment"/>
  <categ name="jocundity" isa="merriment"/>
  <categ name="jollity" isa="merriment"/>

  <categ name="comfortableness" isa="belonging"/>
  <categ name="closeness" isa="belonging"/>

  <categ name="togetherness" isa="closeness"/>

  <categ name="buoyancy" isa="cheerfulness"/>
  <categ name="carefreeness" isa="cheerfulness"/>

  <categ name="satisfaction" isa="contentment"/>

  <categ name="satisfaction-pride" isa="satisfaction"/>
  <categ name="complacency" isa="satisfaction"/>
  <categ name="fulfillment" isa="satisfaction"/>
  <categ name="gloat" isa="satisfaction"/>

  <categ name="smugness" isa="complacency"/>

  <categ name="attachment" isa="affection"/>
  <categ name="protectiveness" isa="affection"/>
  <categ name="regard" isa="affection"/>
  <categ name="soft-spot" isa="affection"/>

  <categ name="simpathy" isa="liking"/>
  <categ name="fondness" isa="liking"/>
  <categ name="captivation" isa="liking"/>
  <categ name="preference" isa="liking"/>
  <categ name="friendliness" isa="liking"/>
  <categ name="approval" isa="liking"/>
  <categ name="admiration" isa="liking"/>

  <categ name="positive-concern" isa="sympathy"/>
  <categ name="kindheartedness" isa="sympathy"/>
  <categ name="compatibility" isa="sympathy"/>
  <categ name="empathy" isa="sympathy"/>

  <categ name="softheartedness" isa="positive-concern"/>

  <categ name="identification" isa="empathy"/>

  <categ name="weakness" isa="preference"/>

  <categ name="amicability" isa="friendliness"/>
  <categ name="good-will" isa="friendliness"/>
  <categ name="brotherhood" isa="friendliness"/>

  <categ name="favor" isa="approval"/>

  <categ name="hero-worship" isa="admiration"/>

  <categ name="gusto" isa="enthusiasm"/>
  <categ name="eagerness" isa="enthusiasm"/>
  <categ name="exuberance" isa="enthusiasm"/>

  <categ name="enthusiasm-ardor" isa="eagerness"/>

  <categ name="worship" isa="love"/>
  <categ name="love-ardor" isa="love"/>
  <categ name="amorousness" isa="love"/>
  <categ name="puppy-love" isa="love"/>
  <categ name="devotion" isa="love"/>
  <categ name="benevolence" isa="love"/>
  <categ name="lovingness" isa="love"/>
  <categ name="loyalty" isa="love"/>

  <categ name="beneficence" isa="benevolence"/>

  <categ name="warmheartedness" isa="lovingness"/>

  <categ name="gratefulness" isa="gratitude"/>

  <categ name="self-esteem" isa="self-pride"/>
  <categ name="ego" isa="self-pride"/>
  <categ name="amour-propre" isa="self-pride"/>

  <categ name="playfulness" isa="levity"/>

  <categ name="placidity" isa="calmness"/>
  <categ name="coolness" isa="calmness"/>
  <categ name="tranquillity" isa="calmness"/>

  <categ name="peace" isa="tranquillity"/>
  <categ name="easiness" isa="tranquillity"/>

  <categ name="positive-languor" isa="easiness"/>

  <categ name="security" isa="fearlessness"/>

  <categ name="confidence" isa="security"/>

  <categ name="anticipation" isa="positive-expectation"/>

  <categ name="positive-suspense" isa="anticipation"/>

  <categ name="frisson" isa="positive-fear"/>

  <categ name="hopefulness" isa="positive-hope"/>
  <categ name="encouragement" isa="positive-hope"/>
  <categ name="optimism" isa="positive-hope"/>

  <categ name="sanguinity" isa="optimism"/>

  <categ name="negative-fear" isa="negative-emotion"/>
  <categ name="sadness" isa="negative-emotion"/>
  <categ name="general-dislike" isa="negative-emotion"/>
  <categ name="ingratitude" isa="negative-emotion"/>
  <categ name="shame" isa="negative-emotion"/>
  <categ name="compassion" isa="negative-emotion"/>
  <categ name="humility" isa="negative-emotion"/>
  <categ name="despair" isa="negative-emotion"/>
  <categ name="anxiety" isa="negative-emotion"/>
  <categ name="daze" isa="negative-emotion"/>

  <categ name="alarm" isa="negative-fear"/>
  <categ name="creeps" isa="negative-fear"/>
  <categ name="horror" isa="negative-fear"/>
  <categ name="hysteria" isa="negative-fear"/>
  <categ name="panic" isa="negative-fear"/>
  <categ name="scare" isa="negative-fear"/>
  <categ name="stage-fright" isa="negative-fear"/>
  <categ name="apprehension" isa="negative-fear"/>
  <categ name="timidity" isa="negative-fear"/>
  <categ name="fear-intimidation" isa="negative-fear"/>
  <categ name="negative-unconcern" isa="negative-fear"/>

  <categ name="trepidation" isa="apprehension"/>
  <categ name="foreboding" isa="apprehension"/>
  <categ name="negative-suspense" isa="apprehension"/>
  <categ name="chill" isa="apprehension"/>

  <categ name="shadow" isa="foreboding"/>
  <categ name="presage" isa="foreboding"/>

  <categ name="shyness" isa="timidity"/>
  <categ name="diffidence" isa="timidity"/>

  <categ name="hesitance" isa="diffidence"/>
  <categ name="unassertiveness" isa="diffidence"/>

  <categ name="heartlessness" isa="negative-unconcern"/>

  <categ name="cruelty" isa="heartlessness"/>

  <categ name="dolefulness" isa="sadness"/>
  <categ name="melancholy" isa="sadness"/>
  <categ name="misery" isa="sadness"/>
  <categ name="forlornness" isa="sadness"/>
  <categ name="weepiness" isa="sadness"/>
  <categ name="sorrow" isa="sadness"/>
  <categ name="cheerlessness" isa="sadness"/>
  <categ name="depression" isa="sadness"/>
  <categ name="downheartedness" isa="sadness"/>

  <categ name="gloom" isa="melancholy"/>
  <categ name="heavyheartedness" isa="melancholy"/>
  <categ name="world-weariness" isa="melancholy"/>

  <categ name="lost-sorrow" isa="sorrow"/>
  <categ name="regret-sorrow" isa="sorrow"/>

  <categ name="grief" isa="lost-sorrow"/>
  <categ name="mournfulness" isa="lost-sorrow"/>
  <categ name="self-pity" isa="lost-sorrow"/>

  <categ name="dolor" isa="grief"/>

  <categ name="woe" isa="mournfulness"/>
  <categ name="plaintiveness" isa="mournfulness"/>

  <categ name="attrition" isa="regret-sorrow"/>
  <categ name="compunction" isa="regret-sorrow"/>

  <categ name="guilt" isa="compunction"/>
  <categ name="repentance" isa="compunction"/>

  <categ name="joylessness" isa="cheerlessness"/>


  <categ name="demoralization" isa="depression"/>
  <categ name="helplessness" isa="depression"/>
  <categ name="despondency" isa="depression"/>
  <categ name="oppression" isa="depression"/>
  <categ name="dysphoria" isa="depression"/>

  <categ name="blue-devils" isa="despondency"/>

  <categ name="weight" isa="oppression"/>

  <categ name="anger" isa="general-dislike"/>
  <categ name="hate" isa="general-dislike"/>
  <categ name="dislike" isa="general-dislike"/>

  <categ name="fury" isa="anger"/>
  <categ name="infuriation" isa="anger"/>
  <categ name="umbrage" isa="anger"/>
  <categ name="indignation" isa="anger"/>
  <categ name="huffiness" isa="anger"/>
  <categ name="dander" isa="anger"/>
  <categ name="bad-temper" isa="anger"/>
  <categ name="annoyance" isa="anger"/>

  <categ name="wrath" isa="fury"/>
  <categ name="lividity" isa="fury"/>

  <categ name="dudgeon" isa="indignation"/>

  <categ name="irascibility" isa="bad-temper"/>
  <categ name="fit" isa="bad-temper"/>

  <categ name="pique" isa="annoyance"/>
  <categ name="frustration" isa="annoyance"/>
  <categ name="aggravation" isa="annoyance"/>
  <categ name="harassment" isa="annoyance"/>
  <categ name="displeasure" isa="annoyance"/>

  <categ name="abhorrence" isa="hate"/>
  <categ name="misanthropy" isa="hate"/>
  <categ name="misogamy" isa="hate"/>
  <categ name="misogyny" isa="hate"/>
  <categ name="misology" isa="hate"/>
  <categ name="misoneism" isa="hate"/>
  <categ name="misopedia" isa="hate"/>
  <categ name="murderousness" isa="hate"/>
  <categ name="despisal" isa="hate"/>
  <categ name="hostility" isa="hate"/>
  <categ name="malevolence" isa="hate"/>

  <categ name="misocainea" isa="misoneism"/>

  <categ name="animosity" isa="hostility"/>
  <categ name="class-feeling" isa="hostility"/>
  <categ name="antagonism" isa="hostility"/>
  <categ name="aggression" isa="hostility"/>
  <categ name="belligerence" isa="hostility"/>
  <categ name="resentment" isa="hostility"/>

  <categ name="warpath" isa="belligerence"/>

  <categ name="heartburning" isa="resentment"/>
  <categ name="sulkiness" isa="resentment"/>
  <categ name="grudge" isa="resentment"/>
  <categ name="envy" isa="resentment"/>

  <categ name="covetousness" isa="envy"/>
  <categ name="jealousy" isa="envy"/>

  <categ name="maleficence" isa="malevolence"/>
  <categ name="malice" isa="malevolence"/>
  <categ name="vindictiveness" isa="malevolence"/>

  <categ name="disinclination" isa="dislike"/>
  <categ name="unfriendliness" isa="dislike"/>
  <categ name="alienation" isa="dislike"/>
  <categ name="antipathy" isa="dislike"/>
  <categ name="disapproval" isa="dislike"/>
  <categ name="contempt" isa="dislike"/>
  <categ name="disgust" isa="dislike"/>

  <categ name="isolation" isa="alienation"/>

  <categ name="repugnance" isa="disgust"/>
  <categ name="nausea" isa="disgust"/>

  <categ name="conscience" isa="shame"/>
  <categ name="self-disgust" isa="shame"/>
  <categ name="embarrassment" isa="shame"/>

  <categ name="self-consciousness" isa="embarrassment"/>
  <categ name="shamefacedness" isa="embarrassment"/>
  <categ name="chagrin" isa="embarrassment"/>
  <categ name="confusion" isa="embarrassment"/>
  <categ name="abashment" isa="embarrassment"/>
  <categ name="discomfiture" isa="embarrassment"/>

  <categ name="commiseration" isa="compassion"/>
  <categ name="tenderness" isa="compassion"/>
  <categ name="mercifulness" isa="compassion"/>

  <categ name="forgiveness" isa="mercifulness"/>

  <categ name="self-depreciation" isa="humility"/>
  <categ name="meekness" isa="humility"/>

  <categ name="hopelessness" isa="despair"/>
  <categ name="resignation" isa="despair"/>
  <categ name="discouragement" isa="despair"/>
  <categ name="pessimism" isa="despair"/>

  <categ name="defeatism" isa="resignation"/>

  <categ name="despair-intimidation" isa="discouragement"/>

  <categ name="cynicism" isa="pessimism"/>

  <categ name="discomfiture" isa="anxiety"/>
  <categ name="negative-agitation" isa="anxiety"/>
  <categ name="distress" isa="anxiety"/>
  <categ name="negative-concern" isa="anxiety"/>
  <categ name="anxiousness" isa="anxiety"/>
  <categ name="insecurity" isa="anxiety"/>
  <categ name="edginess" isa="anxiety"/>
  <categ name="sinking" isa="anxiety"/>
  <categ name="scruple" isa="anxiety"/>
  <categ name="jitteriness" isa="anxiety"/>
  <categ name="angst" isa="anxiety"/>
  <categ name="anxiousness" isa="anxiety"/>
  <categ name="solicitude" isa="anxiety"/>

  <categ name="fidget" isa="negative-agitation"/>
  <categ name="stewing" isa="negative-agitation"/>
  <categ name="tumult" isa="negative-agitation"/>

  <categ name="impatience" isa="fidget"/>

  <categ name="apathy" isa="neutral-emotion"/>
  <categ name="neutral-unconcern" isa="neutral-emotion"/>

  <categ name="emotionlessness" isa="apathy"/>
  <categ name="neutral-languor" isa="apathy"/>

  <categ name="indifference" isa="neutral-unconcern"/>

  <categ name="distance" isa="indifference"/>
  <categ name="withdrawal" isa="indifference"/>

  <categ name="thing" isa="ambiguous-emotion"/>
  <categ name="gravity" isa="ambiguous-emotion"/>
  <categ name="surprise" isa="ambiguous-emotion"/>
  <categ name="ambiguous-agitation" isa="ambiguous-emotion"/>
  <categ name="ambiguous-fear" isa="ambiguous-emotion"/>
  <categ name="pensiveness" isa="ambiguous-emotion"/>
  <categ name="ambiguous-expectation" isa="ambiguous-emotion"/>

  <categ name="earnestness" isa="gravity"/>

  <categ name="astonishment" isa="surprise"/>

  <categ name="wonder" isa="astonishment"/>
  <categ name="surprise" isa="astonishment"/>
  <categ name="stupefaction" isa="astonishment"/>

  <categ name="awe" isa="wonder"/>

  <categ name="unrest" isa="ambiguous-agitation"/>
  <categ name="stir" isa="ambiguous-agitation"/>
  <categ name="tumult" isa="ambiguous-agitation"/>

  <categ name="electricity" isa="stir"/>
  <categ name="sensation" isa="stir"/>

  <categ name="reverence" isa="ambiguous-fear"/>

  <categ name="ambiguous-hope" isa="ambiguous-expectation"/>
  <categ name="fever" isa="ambiguous-expectation"/>

  <categ name="buck-fever" isa="fever"/>

</categ-list>

